{"S0751wCINmLt6BB9zREPlw==":"kaki-96x96.png","1Qc+GiPJPMzMy9Fr7hIj2A==":"wolf_predator_photoshop_art_116912_1920x1080-1920x1080.jpg","cEol3P/u4XCvXfMBuSSh4g==":"sumatra-1046x697.jpg","y520ZI1d1u2a36cxb/TD8g==":"gettyrf_663075578-af4132f1ad8c-1046x698.jpg","ysYSPlrrE0eDZMCbnk8jUQ==":"rusa.gif","lV90E9HJYJJ9evF/AWtsKw==":"panda-1042x695.jpg","oh4c+3c/ngIqhj6UENdH8g==":"identifikasi-3-harimau-sumatera-baru-taman-nasional-berbak-sembilang-pasang-camera-trap-mvutk2vwvx-626x391.jpg","U5AjUlvUZd995CjzgtoWIg==":"badak-492x277.jpg","aP1sC+j86AMbdygAgCcZ7g==":"badaks-492x328.jpg","qDGw8Ci/172aBrjuCkCrAA==":"orang%20utan-492x328.jpg","BPaDQM1nSq2Nqx6ugTGQ0Q==":"komodo-dragon-head-on.adapt.1900.1-492x277.jpg","7k+1MyZiTNjTjM3jXiGsJQ==":"gettyrf_663075578-af4132f1ad8c-492x328.jpg","ZeyMZWnc6ThEMcWqQ56BCw==":"buaya-putih_20170914-163148-492x276.jpg","D+S8zye3AdVQEvnqq4HJ9A==":"o-img-42203-buaya-putih-492x275.jpg","q4EeDZX8biYSPyng91oxmA==":"arapima-492x201.jpg","W49EIiC/Pw2DuLuJt3FecA==":"arapima-492x277.jpg","O2dTnYLYNHiZnjTmAeiXTA==":"black-mamba-492x289.jpg","pa5Dkwo/T1qgW/t0h+fQvA==":"background5.jpg","UAc7kepzJPkrSn4uqTRvmw==":"background4.jpg","jvoiyQQ9o/H7m9wemIgmkw==":"ca-times.brightspotcdn.com-840x473.jpg","WUPIlIETYzhaJKcK3h255A==":"panda-626x417.jpg","L5MK2NMxsjCU6GG/6I1e8A==":"badaks-1086x724.jpg","1qELf+CgTxmRGyFKwrhVVA==":"badak-626x352.jpg","xi/zwrxncXTtD9hoGZutMQ==":"orang%20utan-800x533.jpg","NR+Ek/nMt53fYsnQcLhPFA==":"indonesia-environment-orangutan-53013-626x417.jpg","hcQSUDelLqrAOSe4OazBsA==":"komodo-dragon-head-on.adapt.1900.1-1086x610.jpg","T/KOMGL5zdM/hmeUULvtVA==":"gettyrf_663075578-af4132f1ad8c-626x417.jpg","4I9rC5rTT2rU0sn3Q4mPWA==":"black-mamba-680x399.jpg","4wU9P2/Czfv5MCobWHwOqg==":"sad-259x194.jpg","/VF/VCIzxBz3EozD0+sxEA==":"o-img-42203-buaya-putih-817x457.jpg","nk2b4Bs0rrxZVVuBK9Y6yw==":"buaya-putih_20170914-163148-626x351.jpg"}